Импортеры	 Стоимость импорта в 2004 г.	 Стоимость импорта в 2005 г.	 Стоимость импорта в 2006 г.	 Стоимость импорта в 2007 г.	 Стоимость импорта в 2008 г.	 Стоимость импорта в 2009 г.	 Стоимость импорта в 2010 г.	 Стоимость импорта в 2011 г.	 Стоимость импорта в 2012 г.	 Стоимость импорта в 2013 г.	 Стоимость импорта в 2014 г.	 Стоимость импорта в 2015 г.	 Стоимость импорта в 2016 г.	 Стоимость импорта в 2017 г.	 Стоимость импорта в 2018 г.	 Стоимость импорта в 2019 г.	 Стоимость импорта в 2020 г.	 Стоимость импорта в 2021 г.	 Стоимость импорта в 2022 г.	 Стоимость импорта в 2023 г.	
"Весь Мир"	463724487	486718100	541314743	627757297	635460862	446196076	557069382	640086624	654634713	674931428	706853441	684257936	708233307	757351529	783424663	782434466	654598180	733169024	796649646	972076176	
"Соединенные Штаты Америки"	124157467	125352202	137487307	136300944	127934961	82234154	116642353	124764600	149315757	155498280	156355727	169195882	173287003	179580096	178482959	179488383	145743035	148038801	168337379	210288253	
"Германия"	37413346	36684450	42059832	44190917	44328511	41436059	36098823	44020678	42222090	41087825	46543544	45803198	51587150	58352119	64705458	72162137	66426786	67501958	68521688	78129319	
"Соединенное Королевство Великобритании и Северной Ирландии"	43671912	39885333	42805392	50275672	40026465	28120156	35735653	40924561	34504508	38762785	46330956	48698483	45584964	44210077	44247002	43830070	34629705	35726065	44381019	56496259	
"Франция"	25422998	26580495	28341525	34735664	36803577	30481068	31166550	36168306	29929224	29712216	31101732	29273672	31912253	34912459	38305292	38724261	36735012	40564491	37451885	46340969	
"Китай"	4601894	4690717	6950950	9843513	14060035	14367865	28921282	40965093	45491624	47465756	59729765	44197998	43991314	49940232	49609624	47056767	44923987	52852668	52273905	45940704	
"Бельгия"	20813751	20191382	22080840	27466654	29079959	23026795	26940941	28252482	25291211	27124939	28881616	29159334	33059323	36669314	38810464	40114031	32495269	31942853	34631109	43256920	
"Канада"	17765698	20072679	22975544	25483925	25399129	17062160	22359152	23562244	25927699	26336678	27007449	26328156	26406069	28700378	29935609	28490702	21985053	28619845	32598626	38602612	
"Италия"	30140438	30558008	31819648	38012962	34714467	29697680	28056726	29662840	20280068	20206412	22865418	22588392	27579314	31215061	32477141	30858987	22978252	25861450	25587414	36408631	
"Австралия"	8563448	9743560	9938605	12144078	13069365	9685302	15275018	14611081	17553107	17710738	15868768	15329421	15923033	17490705	16782725	14886003	12846966	17566302	19250490	24214689	
"Испания"	21722936	23024772	24175378	29111089	22186298	12920507	11619319	13741112	10397819	11443519	14964398	16293172	18214569	20163519	22186292	20945381	13844345	15340468	17406417	23557455	
"Турция"	4214588	4297925	4270786	4748663	4554346	4266673	6821775	8477252	7251417	9718790	8261673	9227428	9841764	8606787	5905940	3536771	7928656	6728683	7980115	18188118	
"Мексика"	6425199	7840182	9265262	9436330	8342302	4755050	6461172	7263987	7643234	8452624	8101028	9463808	9941227	11514449	10616500	9867605	6232722	7556140	11011739	17674192	
"Объединенные Арабские Эмираты"		4262057		7243410	11033277				12590152	12249598	13723816	13763125	11697895	15785609	15440678	13908636	10320131	12689705	17133234	16278993	
"Нидерланды"	8738689	8580932	9033736	10384352	10979200	8462158	9762579	12784608	11195014	11013929	11564681	9445031	9050244	9786296	10866589	12582539	10568106	11839642	11487976	15224733	
"Польша"	3501898	3053093	4025708	5747490	8075582	5171728	5418063	5230761	4906564	5208283	5986917	5389881	7232829	9126274	11023959	10835112	8839449	10269867	11483259	15039631	
"Российская Федерация"	5162896	7732031	12719664	21333779	30266002	8513847	11354596	18590237	20241472	16996880	13161867	6355931	6027371	6697483	7261031	7906105	5426679	7998689	6321267	14993368	
"Саудовская Аравия"	4849278	6626315	7461705	7758114	10178501	8254613	10634610	11240276	15980218	16088157	16050774	17649186	12875938	9498837	8899570	10928036	10560451	11899075	15072597	14958144	
"Республика Корея"	909371	1369961	1902874	2455732	2477836	1882404	2902241	3628703	4567358	5572531	8086495	9935070	9341976	9670129	11201178	11111791	12060521	12933108	14048939	14508707	
"Швейцария"	6251465	6256912	6342844	7393803	8325788	7165359	8965339	11553722	11003395	10184353	10511301	10446688	10229633	10474729	10557114	10955474	10113450	10398249	11094827	13965371	
"Япония"	8195503	8105371	7654017	7692665	6796331	4583680	6443057	8824385	10892791	10608659	10402593	8983995	10348182	11108232	12187111	12135933	10158709	11610518	10663000	12556366	
"Швеция"	4820420	5264574	6214342	7281048	6146437	4528917	6652850	7942362	6906154	7364947	8014636	7602462	8692230	9101123	8664554	8662522	8395743	10102023	9800117	11427224	
"Австрия"	6596686	6516147	6822938	7904884	8518728	7312286	7909001	9674024	8631968	8763040	8830984	7922563	9102639	9809858	9784665	9893663	8099437	9382224	9012937	11204142	
"Китайский Тайбэй"	1238449	1474240	1231428	1412224	1098033	1350359	2127920	3001522	2764240	3261328	3803864	4156445	4427529	4984476	5572496	5518423	6060209	6215297	6531012	7921375	
"Португалия"	3451990	3993782	4288652	5120948	5341509	3568664	4681295	3800424	2136622	2438114	3460756	3794031	4457457	5035712	6082409	5419788	3858409	4067813	4921371	7090625	
"Дания"	2778267	3383512	3842286	4103533	3725414	1987377	2680640	3433965	2729555	3121600	3482486	3645408	4031568	4218615	4703941	4922359	4683182	5804749	5402990	7084015	
"Чехия"	2065817	1834756	2158615	2716646	3303294	2409953	2339422	2835413	2460863	2519236	3040384	3354540	3938062	4542519	4353911	4311980	3778781	4954533	5240099	6684327	
"Норвегия"	2868986	3096533	3596993	4447997	3895181	3084678	4315515	5235898	5271400	5682577	5486231	4914681	5136133	6110786	6221916	5880624	5679663	8428399	8816386	6187070	
"Израиль"	1572635	1628634	1705719	2298371	2652360	2444683	3056567	3360105	2896267	3220128	4062892	3128422	4960389	3688901	4543975	5076152	4169084	5102209	6574979	6083497	
"Бразилия"	596602	838908	1956842	3195797	5484058	5630960	8796850	12282200	9835498	9333095	7881725	5019478	2849355	2956681	4190544	3320226	1761573	2953554	3636783	5789770	
"Филиппины"	236631	325469	429753	700367	983192	955901	1507101	1253746	1686817	1714899	1720587	2322288	3958750	4518837	3702724	3109076	1903135	2275317	3572627	4894470	
"Финляндия"	2833195	3311514	3686593	4276734	5024650	1997613	2529015	3106965	2392478	2581274	2651231	2460494	2693462	3017884	3294912	3241284	3066356	3757062	3635650	4490191	
"Таиланд"	377065	341022	254906	258633	483548	465735	804927	879213	1433133	1366095	1290529	974107	948749	822588	1239719	1574569	1074810	1272688	1816115	4409266	
"Ирландия"	2917189	3337326	3631339	4355043	2942495	676738	1457803	1619699	1289678	1528282	2226300	2521552	2773097	2608893	2761226	2553408	2209055	2751785	3123640	4276022	
"Румыния"	1205631	1887523	2621486	4261858	4137450	1113810	1264251	1532898	1222280	1188106	1433099	1452410	1879830	2227751	2625458	2931138	2340165	3129793	3448511	4268486	
"Новая Зеландия"	2221066	2393246	1938372	2365690	2043225	1244874	2052122	2765759	2684982	3067540	3387353	3036338	3350078	3870517	3607495	3240140	2441047	4259632	4291918	4245605	
"Кувейт"	139		2044796	2610098	3159142	2113354	2650508	2767287	3761290	4052821	3871711	3566805	2834474	2680066	3007611	3226583	2435043	2951566	3635580	4240506	
"Беларусь"	38425	40433	287012	459995	831123	577539	140382	571823	412960	491639	419214	286208	367563	725445	1096969	1239554	903445	1207250	1845933	4118455	
"Южная Африка"	2566676	3627107	4153723	4410321	2749685	2335842	4060775	5077115	5167612	5490783	4699022	4368802	3432254	4041879	3966266	3939385	2102562	3180291	4577600	4112741	
"Украина"	897969	1232496	2199523	3526242	5731626	934693	1743515	2979470	3247145	2995491	1209950	819959	1441459	2078337	2243166	3615166	3504806	4417349	2947740	4062724	
"Венгрия"	2435607	2429516	2683429	3411895	3277693	1049531	1498758	2043562	1895567	1947572	2316747	2176295	2750415	3402319	3940813	3749013	3266751	3449182	3437401	4029027	
"Словакия"	965189	1031071	1267960	1775090	2714175	1765504	1702561	1627398	1461283	1601013	2078774	2017689	2460960	2909298	2953119	2806286	2216496	2452534	2972567	3777610	
"Греция"	3618865	3309583	3510886	4508236	4535930	3285723	1605505	1227466	667862	787077	1117312	1023492	1165352	1308891	1623420	1739197	1413001	1897364	2296316	3215671	
"Чили"	1101035	1493376	1738232	2076683	2658703	1393604	2740439	3265449	3239738	3854995	3177477	2757368	2818308	3673320	4403995	4208007	1841954	4037841	5076425	3123729	
"Казахстан"	549667	757564	1407410	2392107	1228260	771338	403619	654441	1384093	2190029	2330002	873124	416350	551191	606105	744648	771959	1338807	1816719	3057785	
"Кыргызстан"	7766	9911	13045	24415	28442	14430	119601	236873	300676	372431	479966	43655	32079	37239	34804	25135	74258	147949	538853	2766881	
"Колумбия"	689882	861376	1229448	1740405	1627739	1266365	2121491	2790070	2814755	2802015	3119450	2525564	2067186	1992176	2309857	2315285	1531224	2343767	2695564	2741612	
"Люксембург"	1440126	1496121	1660015	1864729	2064396	1758391	1828875	1966200	1872236	1841074	2082469	1663400	1892041	2107445	2343497	2494322	2268793	2270955	2209100	2628133	
"Узбекистан"														155293	319238	440137	475139	588216	778849	2527558	
"Катар"	216467	878414	144876	1583848	2080177	1288450	1715374	1551995	2874006	2534723	2626960	2981008		1593075	1393740	1093189	792202	1122549	1337562	2512417	
"Марокко"	499242	647052	801708	1068044	1425948	1177270	1279296	1375352	1609042	1502569	1647413	1594095	1982415	2200063	2383655	2193826	1427170	2220985	2117542	2495709	
"Словения"	995200	987016	1151914	2000900	2033745	1165627	1297286	1483024	1215060	1533321	1894838	1541174	1833801	2137506	2347198	2263830	1740716	1981230	2160031	2449348	
"Китай, Специальный административный район Гонконг"	1919362	1757041	1692464	2040674	2591146	2147461	2474837	2740876	2581943	2352290	2737025	2545517	2134030	2262522	2166235	1971479	1451263	1758785	1871737	2423332	
"Нигерия"			839389	913779	1652533	2745911	4137604	3014146	3607004	1058583	1749767	783322	689949	677556	1031968	2704555	2920245	1754013	1379332	2342534	
"Египет"	77384	304018	328054	397592	922859	844997	1348718	1177349	1427810	1266221	2556572	3285616	2805892	1685681	2691239	2537305	2848817	3792927	2069440	2322096	
"Литва"	611010	804365	1256918	1866714	1733478	568205	745725	1198598	958571	1026620	969223	762446	857061	1037574	1260094	1558180	1233581	1507471	1907165	2273746	
"Вьетнам"	409761	442200	38837	204422	387389	514642	428461	441621	162377	193494	378553	556537	747354	886951	1120036	2003861	1440376	2083466	2783325	2225112	
"Индонезия"	580556	585933	454925	782286	1150444	902964	1406245	1763923	2728212	2231190	1480892	1165033	1190180	1144384	1068669	1130794	611712	726438	1244941	2086792	
"Хорватия"	1052314	1056840	1253027	1477468	1621744	713870	608029	706429	492968	566119	695077	691102	891967	1069654	1407375	1486937	976606	1335784	1503692	2078768	
"Ирак"											1701780	1344893	721103	1390089	1682758	2561648	1854298	2212001	3315918	2064773	
"Оман"	1159199	1363553	1810761	2574761	3795847	2426940	3295379	3126831	0	3885044	0	0	1515354	0	1224692	1575746	1842529	1730140	1836340	1915126	
"Перу"	196353	255716	353332	487431	910608	717007	1091421	1228502	1764421	1766907	1764644	1585201	1640348	1736871	1513829	1506915	969646	1448922	1787135	1878176	
"Аргентина"	1196526	1602536	2038151	2709630	3874735	2513581	4482705	5593836	5359783	7064418	3575267	3345044	4470384	6298644	5276104	2363551	1614996	1694122	1944965	1851140	
"Малайзия"	1157290	1281267	1365415	1274469	1555545	1581632	2508230	2526476	2818521	2741711	2145376	1919708	1844416	1494845	1907978	2046888	1046801	1305632	1509970	1795847	
"Болгария"	950516	1178091	1413274	1320328	1591373	459338	476701	651741	595006	761433	826884	808150	863995	1071061	1137190	1087216	857624	1085617	1256966	1741994	
"Эстония"	503328	570604	893810	1195483	901772	539138	343686	621873	635338	754816	819810	664249	767181	945796	1079922	1157006	899990	1259267	1288338	1649545	
"Иордания"	285125	412230	538740	572224	744813	845046	782839	629040	650772	733574	975348	1049149	1221934	1473529	1089347	840407	783716	1015222	1125702	1629819	
"Доминиканская Республика"	303704	695713	504837	728560	603852	259787	567259	373743	478003	518142	666136	820648	964904	873638	910181	1025169	795284	1191331	1340633	1528645	
"Алжир"	870476	910435	939444	1491240	2028988	1523954	1455724	2108502	3908651	3728686	2965465	2042499	1351959	1673670	1428261	742278	454924	806550	865461	1525376	
"Азербайджан"	98412	149609	223642	279307	381857	254426	274960	379748	547206	556323	472637	254199	120255	214622	407623	546454	542416	780522	844721	1515316	
"Эквадор"	362683	526150	612670	534380	697135	632558	1068466	876870	764541	784474	775060	524760	480657	929669	1129869	1011821	546603	881756	1239426	1378818	
"Армения"	32598	37624	55944	114930	172434	48422	59161	76733	60260	61551	60796	87938	41280	48999	89766	125581	60630	104574	599467	1069292	
"Латвия"	294892	445480	822865	1132535	723859	200451	311425	567448	461429	468724	570328	476927	617600	678983	777503	761229	570114	730275	826587	1023564	
"Гватемала"	412185	371133	404356	408855	377607	249830	308464	368926	414782	392684	458222	590175	590513	572901	567562	557009	411975	658024	775208	1016006	
"Сингапур"	1465559	1634481	1758123	1741568	2141461	1325592	1197412	1256815	1249107	1158942	1356004	1558418	2076399	1748656	2020014	2038294	1121787	1444428	1099346	1011611	
"Коста-Рика"	247674	223621	309875	462166	462143	172203	399037	739933	604680	556615	598148	712411	826291	747601	641813	543900	363322	514175	654950	1000955	
"Панама"	248843	292385	371818	538422	592474	473981	574967	653480	773364	806116	860458	942326	936079	850584	787529	770067	371632	597326	779974	943246	
"Бахрейн"	412349	613622	530332	694122	1140268	728800	923982	855754	1304598	1314195	1421107	1558460	1297629	955272	1015481	895117	749994	715595	743616	888993	
"Ливия"				736700	840324	1073985	1341056					247890	187007	237805	537171	964519	415987	585454	606566	888490	
"Сербия"			515561	771671	952620	452236	302035	614222	504591	545023	466720	566363	536539	437460	535293	590487	463384	641220	660296	844108	
"Кипр"	649320	543313	587399	981380	979096	425642	479048	433559	281827	167545	246676	295143	387258	515604	577783	562370	521346	446856	491789	838598	
"Пакистан"	288454	771455	887828	676620	529889	410388	618729	770855	900601	689428	703265	891467	1008966	1396410	1320169	789715	861532	2287928	1748526	829528	
"Тунис"	386303	398651	453883	557121	662836	652171	778915	622559	801470	820031	808922	775735	747685	726536	654777	605119	551868	752655	745202	812219	
"Исландия"	254563	437478	387598	463207	255170	69958	68901	121999	177687	156204	216512	292642	408077	625114	519292	321550	340130	550474	739084	762766	
"Индия"	86190	131664	129544	249503	389909	235086	461242	791096	576488	276541	189973	228501	209968	232370	264962	221712	175018	311626	406978	734448	
"Монголия"	47850	51790	81055	87313			164397	447318	430059	373032	289207	209968	219672	260383	407847	418739	297316	385162	576140	677005	
"Ливан"	602996	561837	537820	720070	1359754	1463086	1428591	1092065	1101146	1167792	1086508	1233882	1238414	1305385	1235101	771706	243034	803932	1421696	651164	
"Босния и Герцеговина"	184343	283859	315779	415605	496863	283090	262238	371755	326160	333421	356573	311247	340765	402114	464876	508229	357542	465718	445634	621543	
"Эфиопия"	97092	126184	172462	89807	103658	108148	161533	164792	226087	240786	252036	286646	329244	342637	328255	457737	417408	505333	736431	575323	
"Камбоджа"	34459	41605	48669	95548	153689	98105	130362	179405	228576	214915	223769	371546	363717	405741	579544	829372	501843	509100	797159	573099	
"Парагвай"	78127	91486	141781	201418	377748	258371	350129	492474	468320	489552	538915	452725	414507	525118	670401	531388	410611	466060	570222	551895	
"Гана"	297632	383830	420734	561945	547814	498776	524743	860361	1070920	1093034	775472	1006054	919582	998609	956123	881825		1151850	762392	550152	
"Уругвай"	49695	78045	94270	120276	172345	192524	299748	391847	405344	414694	387378	367652	322101	409583	330215	299828	247872	394586	476828	542461	
"Боливия (Многонациональное Государство)"	69498	114149	173789	244030	339830	194091	209662	490433	344258	456313	499215	556987	409686	460507	408985	431123	272016	369579	443987	531403	
"Гондурас"	84573	85394	129902	186407	167852	113005	127670	127821	148155	142146	116630	142353	176789	196304	218225	198599	134836	257509		527181	
"Таджикистан"											245752	85733	32790	80120	124847	149102	116069	147276	234306	500205	
"Кот-д'Ивуар"	126987	105349	148518	214325	241201	175950	184024	134117	234779	275831	249600	248191	251575	280135	303382	245850	259500	441542	388241	429696	
"Ямайка"	138850	174551	157229	189365	176187	99277	106604	144207	224443	210048	172899	199443	382231	471210	320021	373297	264522	271849	305077	420201	
"Албания"	92784	85210	99085	162820	179045	158950	132867	202176	212067	191889	183396	168336	206088	201836	258460	233287	267420	335003	38996	409948	
"Республика Молдова"	40407	58051	78134	135091	200645	78841	88580	137385	110917	131821	132225	87107	107288	145722	170050	185314	168866	257476	333404	402849	
"Маврикий"	86699	74525	76396	92709	126289	95983	122914	138366	183035	166003	182591	168496	189138	221027	248579	243958	174463	202808	266135	398784	
"Бангладеш"	104032	128359	152981	181016	255159	350654	400712	343563	226661	271792		397685	437966	501645	481390	485344	333895	557635	558033	387987	
"Кения"	125179	158679	215360	297342	311946	295962	345470	319271	404206	496388	561038	552581	473520	502585	553686	553539	442538	484379	429610	381394	
"Джибути"						37464												275300	444600	379101	
"Объединенная Республика Танзания"	79024	118734	166393	175197	222509	239170	300622	260792	302432	311359	327093	230958	388852	154134	177693	279619	216079	241725	284124	372475	
"Сальвадор"	137861	122006	128172	141472	110524	77372	79335	97757	120616	150442	140806	162841	187566	184965	192482	223223	167014	280187	329660	366250	
"Тринидад и Тобаго"	152167	193146	217479	220378	231437	123319	156102	172029	266113	340826	350982	373631	306419	321581	251515	290098	221920	142663	170239	337768	
"Мальта"	131298	139476	156577	188112	134543	95780	89015	102809	84141	89820	119901	154949	117900	141935	140721	146280	108919	139451	174657	299590	
"Северная Македония"	130066	96087	131962	192980	256670	169302	239540	189055	139179	136707	143450	130396	153992	171963	198464	218976	173589	246771	196823	295871	
"Уганда"	49593	81671	86967	122985	120774	138342	186045	204999	213420	208980	220899	184502	133110	143795	168362	182495	178795	183426	212590	281458	
"Замбия"	39234	53188	86325	85111	112336	64580	82949	122054	177440	230062	203037	135028	87100	96288	143810	113200	89378	132737	210951	271936	
"Лаосская Народно-Демократическая Республика"							19127	50144	33259	95193	83913	61550	380739	335980	248182	163844	108844	174455	208161	252681	
"Черногория"			130680	208762	199771	76981	77039	89791	82087	83322	83676	76805	88658	100720	110078	116398	69286	92453	145584	249742	
"Йемен"	90349	161889	303963	370634	523955	593233	632770	414687	516908	523822	711207	370774	166747	124771	245812	388766	420170	412186	258260	235945	
"Сенегал"	70390	94086	109810	136476	181936	143238	144848	155781	155505	153651	149302	128112	161800	184743	212189	183715	168590	173050	170527	233695	
"Андорра"	138847		128709	123543	96713	70271	76490	78168	56967	73244	102418	96677	108985	126343	150778	141646	125743	195203	172173	231247	
"Китай, Специальный административный район Макао"	117038	126653	121311	160528	160304	121686	224033	287213	394870	416006	432833	323086	144513	183883	235935	243824	194511	199462	165221	223872	
"Непал"						39205	85460	52290	50881	56484	87415	75916	194883	133715	173647	147909	93267	200919	121353	206731	
"Венесуэла (Боливарианская Республика)"	929803	1702428	1976040	4207354	1139472	65521	297798	185420	477430	101120	284427	684277	212850	133224	73991	94379	87731	71158	167232	204070	
"Зимбабве"	69983	55074	49645	71324	26355	92386	445923	430931	472290	211642	156557	151977	111447	125297	231208	46749	108742	121225	147501	200663	
"Демократическая Республика Конго"												105224	78200	66937	80286	86791	63391	135448	178192	181982	
"Никарагуа"	43821	67276	77295	85752	61446	45541	60553	87619	124394	118180	116195	136673	143654	135128	62993	32272	49348	76496	115690	181721	
"Бруней-Даруссалам"	172703	177885	146127	191433	242519	178044	271771	219351	303585	319386	301727	218715	191955	197547	189777	253366	276269	235639	192039	181105	
"Гайана"	16038	14115	19269	23605	27443	32537	35881	36562	48383	43647	40721	38910	39030	38855	41821	51207	49775	83219	81536	180116	
"Государство Палестина"				187699	119156	147965	95169	127679	102367	96171	118359	137019	136793	211686	197296	152266	102716	181346	210463	175180	
"Ботсвана"	147619	113383	99240	138645	184008	153291	181907	190005	255218	189021	189516	177760	159756	131407	154964	193771	152085	163055	140716	169987	
"Ангола"	188828	229572	319092	441609		989975	509779	575797	1158789	831378	1499134	404073	118342	292897	275519	279480	178329	217772	492361	167325	
"Багамские Острова"	85135	92552	117417	116546	94803	55363	57506	61984	98286	94211	107657	102930	113006	130255	94667	84559	90736	94228	103790	162719	
"Мозамбик"	33983	54690	56084	78154	96635	102496	79264	124808	86068	178026	184863	161322	63192	63434	96640	123055	90164	124193	115780	146468	
"Того"	11855	11171		18424	20528	31912	34567	45944	37869	36105	52112	49678	62238	51373	52903	58050	84298	113127	96255	127990	
"Новая Каледония"	121828	134733	136529	157036	194456	175566	185961	193774	185144	166125	169498	143619	85703	92117	103235	100615	92670	101403	108975	127291	
"Гвинея"	21725	21796	17510	33549	48870	29595	33654	49811	62649	34576	43102	69115	60487	87123	87822	107457	125343	143856	113331	116198	
"Намибия"	188409	217559	243768	286978	287235	438058	411076	420168	423617	379925	377928	321445	235156	205111	195805	157448	103675	123108	150398	112871	
"Габон"	37726	56746	71325	82509	91531	84177	92007	210179	128657	162340	94467	72420	91261	49749	51253	68099	63681	71268	83232	110622	
"Внешние малые острова Соединенных Штатов"	70191	73972	85455	98687	93910	62758	76051	61895	67805	64532	76755	82420	76354	76183	61313	63705	48046	68328	78666	95794	
"Камерун"	88675	76826	71234	85679	113136	115765	129825	155862	147066	144990	159343	144876	145099	123407	113315	116995	98881	170595	115088	95535	
"Мьянма"							7908	78240	538304	453303	592978	440480	375086	254265	229945	222376	289197	201154	42411	94264	
"Буркина-Фасо"	34509	30729	34747	33692	46200	51495	51044	56723	66846	99353	82779	68156	65626	80388	102382	110741	102912	132355	101083	90632	
"Мавритания"	35180	23917		51942	62443	53398	51221	71652	108308	103795	105358	57969	52927	57944	51446	57280	60403	136431	110865	88270	
"Кюрасао"														74215	64159	58094	41083	58353	82855	87502	
"Фиджи"	31018	32092	31575	22757	27929	23481	23008	24388	31391	50623	72402	71517	111643	60832	87875	57910	34312	48974	68739	85696	
"Сомали"	345	9080	525	18191	8639	898	2290	4815	89964	59469	55224	60383	57259	67760	82391	71179	73121	89856	93148	84181	
"Куба"	55329	81249	48307										77693	50651	70042	86061	45436	55773	57763	80502	
"Малави"	20902	26923	38887	52593	58877	66327	55838	48166	96915	57616	55100	57786	42798	54553	84229	87852	79005	79580	36383	78849	
"Барбадос"	49764	121557	47686	53814	54432	34216	41711	41529	37865	37704	40938	42197	51156	52826	46538	44868	40608	33973	44755	78687	
"Мадагаскар"	11566	18790	27095	47639	64470	49158	43756	68985	60383	54807	67956	46733	60656	78135	67042	79094	56057	55118	65398	76616	
"Аруба"		390	1227	3619	1641	34110	34386	45824	47784	51368	51073	51477	52405	55644	57946	51527	22489	30096	48681	76046	
"Кайман острова"																	51594	75513	65137	70356	
"Папуа-Новая Гвинея"	16000							58820	71390							10920	13676	18077	49022	67648	
"Французская Полинезия"	94794	110652	106136	111321	129972	87673	84887	65591	63895	68994	73099	63370	68888	90980	115653	108842	88712	119871	121713	64160	
"Бенин"	23267	25848	27748	41326	53854	50375	56925	65659	65076	63587	70170	78005	82016	71017	67169	63220	75528	86080	56757	59749	
"Иран (Исламская Республика)"	23828	211533	118215	877012	966296	829146	893576	829851	1099245	1621925	2151166	1231474	2008287	1838851	438965	239780	46617	28722	16138	56444	
"Фарерские острова"	22986	26790	40195	47490	33372	10786	15910	18771	23082	21928	34133	35907	37581	39915	49859	51479	51501	65059	57266	56382	
"Либерия"														32730	40749	38838	33545	58892	52455	55413	
"Гибралтар"	105249	69055	91396	99951	81942	74358	87955	112644	117240	151997	159940	170202	163433	203509	210397	246810	52305	73535	85764	53627	
"Гамбия"	17248	24547	24944	34405	30643	21477	17130	16781	20529	22177	17859	19141	20148	33406	24053	28435	48773	69298	72382	48470	
"Зоны Свободной Торговли"	24240	28042	36071	40483	66436	57883	61763	33281	205788	163540	387701	649645	705801	37230	70499	28209	43416	59325	42427	47545	
"Антигуа и Барбуда"		20276		30031		24604	14335	8861	13658	15662	24997	24971	29458	30440	36790	31692	17047	11702	17873	46256	
"Мали"	44838	33330	46501	52888	72678		101126	66352	51746				79678	71402	68213	92721	95897	139196	74496	45707	
"Сейшельские Острова"	6403	6116	11397		19373	14793	14886	32865	24712	24526	29707	17825	32278	28718	34661	26274	10760	8761	28844	42250	
"Суринам"	35127	37392		38304		44025	46159	53903	64044	54729	52502	59590	29508	28135	39554	51132	38951	37193	40791	41598	
"Сьерра-Леоне"											116019	137732	43860	70083	45135	23991	37735	64624	47402	40857	
"Конго"				42357	41403	36053	34361	63812	98099	115154	136630	81436	46085	121868	26066	30908	32175	67651	55090	39107	
"Судан"									195783	188145	237678	246655	252469	468899	341140	329906	431004	254733	123496	37109	
"Центральноафриканская Республика"			53	4236	4469	5254	5110	5889	12037	3713	20337	7768	58894	20909	24890	8984	43505	5956	6698	35179	
"Тимор-Лешти"	4159	3009								23622				25857	18854	21804	16835	24450	32385	35110	
"Лесото"		7655	3360	4460	10573	6125	17765	27171	40000	63396	67204	47768	67225	59121	55649	40585	38323	41003	31927	34808	
"Острова Теркс и Кайкос"	11406							4778	7751	9116	11389	13578	14716	13075	13960	15993	8350	9325	24652	34174	
"Туркменистан"	10018	75875	23511	69957	74148	79004	46548	84592	168214	86713	90995	18448	21777	69637	25025	25749	30628	86359	157894	32499	
"Гаити"										90592	84205	69783	82767	52110	66444	46068	58857	89553	69469	32012	
"Сент-Люсия"	11354	16980	29037	37896	29408				20138	4880	6396	7388	11515	15212	20885	21528	15797	15921	20705	31189	
"Бермудские острова"									11380	13347	16770	19645	20625	26970	23995	21195	16011	25993	25178	30582	
"Эсватини"	47707	46012	38345	31945	32721	33961	52409	49580	48838	45126	42203	28897	30929	41670	47578	47239	30489	25638	26814	30044	
"Нигер"	24903	21625	21738	28284	29957	31498	33724	48966	42568	53231	66908	56274	63729	42316	43886	53379	51413	78930	42706	29257	
"Кабо-Верде"	11837	13270	18309	21725	25921	16032	15775	18700	15670	11198	12428	12071	10739	19283	23652	23564	19722	30379	21942	25009	
"Южный Судан"									7195	11322	36068	14176	6621	10839	58459	98171	73276	57335	39146	23633	
"Белиз"	10020	8582	11143	12959	14986	10632	8963	11189	12404	14223	15674	19537	21821	15936	16263	15467	10089	10918	19134	21677	
"Гренада"	8376	9141	8910	10809	10826		7715	8893	6664	7957	6935	9743	10522	14136	16954	13754	10972	9024	11728	21084	
"Руанда"	10099	18774	17164	29348	39409	27015	73335	55942	86530	44640	48212	55994	79841	90966	69222	16591	24754	22179	73502	20877	
"Шри-Ланка"	198802	161458	248137	200438	220346	64193	445765	919679	504167	593097	800689	1286256	633805	547363		649609	236812	14719	9536	20829	
"Британские Виргинские острова"	7085	9673	11567	14992	12460	7766	11525	12520	10702	13505	21496	21974	22775	23543	46039	17511	10607	8149	12946	19283	
"Мальдивские Острова"	1910	2015	2713	2464	2808	2337	1464	11401	2863	2822	4673	7039	4522	4877	6961	9331	5672	10913	17116	18865	
"Сент-Китс и Невис"	6568	8434	10219	11443	13066	10048	9192	7056	6718	9259	13001	15499	20171	14811	10291	12727	8862	8108	9778	16430	
"Синт-Мартен (нидерландская часть)"								8983	18669	14271	17961	3564	4169	5568	4338	3569	2219	3499	3657	16021	
"Экваториальная Гвинея"	12077	12591	10833	16477	15126	24746	26275	36242	42808	46667	32189	24632	23122	17357	31778	25101	21023	17419	12182	15993	
"Самоа"	0	0	0	0	0	1884	8245	5906	4467	6338	8223	7423	10603	9982	10254	14728	8841	9132	8649	14605	
"Гренландия"	5344	7928	6641	8602	11396	6391	4449	4613	4068	4738	4980	4820	6713	9261	8350	9233	14202	13489	13325	13054	
"Бурунди"	17619	13510	35754	17994	10130	16776	20249	20192	18455	20013	28644	29490	20463	28619	27224	36121	43327	28813	36407	12638	
"Афганистан"					277250	0	0	609397	137689	111479	74641	0	0	66356	49493	22956	83262	36045	20964	12161	
"Тонга"					4633	5682	3115	3643	5057	5270	6304			8731	6329	8449	6898	8459	7984	11572	
"Сирийская Арабская Республика"	851760	421727	622139	644165	541496	516121	718013	580392	277006	373374	327935	99785	125059	103939	65455	79191	21567	3828	4435	10687	
"Сент-Винсент и Гренадины"	6064	5500	7048	5719	6353	5900	7519	5932	4989	4889	5154	6630	8476	8697	8428	9012	6789	6888	7420	10500	
"Вануату"			1532	3278		3903	11095	6974	3521	3627	4019	4427	4699	6111	6829	6934	4646	6391	8750	10455	
"Соломоновы Острова"	1287	2465	3963	5080	4760	2258	10342	6896	9425	10978	0	9396	14586	13332	16198	6306	4159	5225	7115	9633	
"Северные Марианские острова"	12293	7614	7382	4139	5704	3885	5346	3148	4940	7455	12499	16105	17234	14584	12063	15986	9392	10524	14458	9358	
"Чад"	2306	5147	7755	13295	21006	22106	6920	3804	10180	18003	12283	21462	22787	13069	17823	20246	34320	65684	25383	7719	
"Гуам"				98				40	121	39		2026	767	703	2928	2255	2001	3396	3730	7459	
"Коморские Острова"	6204	3305		3685	11459	13077	20601	16589	13805	20491	26304	13366	13584	14988	16572	17279	22681	25002	8328	6395	
"Гвинея-Бисау"	2563	3634								3820	3310	4216	3413	3707	5233	5671	4996	5280	6447	5581	
"Грузия"	116290	178530	295282	369721	463290	304364	401980	510679	662599	710493	715051	2795	2581	2668	1596	4582	2507	2641	3328	5521	
"Сан-Томе и Принсипи"	2473	4011	3137	3837	5892	5739	7105	5345	6500	4668	7002	5126	5742	5521	4505	5607	4178	5555	5237	5406	
"Бутан"		13644	10952	16067	35807	24665	31194	69185	21388				45512	34463	32354	31126	27340	35136	20252	5340	
"Доминика"	3427	4238	3748	3974	4792	5117	5476	3460	3503	3328			5890	5685	7863	6722	3198	1883	2685	4696	
"Микронезия (Федеративные Штаты)"	6655	5044	5306	4043	4850	6266	7192	6627	6189	6090	2093	2567	2646	2673	2621	2844	2935	3945	3874	4657	
"Фолклендские (Мальвинские) острова"	1727	1890	770	946	1082	1185	2177	1502	2188	2464	4370	3207	2018	2667	2245	2486	2422	2504	2300	4101	
"Палау"									3383		4390	6263	6195	5733	5130	3705	3022	3353	3237	3683	
"Маршалловы Острова"	1749	992	1120	1079	1561	1140	930	1970	1920	1706	1710	2093	3814	2188	2567	3099	2950	3493	3825	3527	
"Ангилья"	2972	4610	6285	6763	4499	2031	2004	1699	18907	1926	2345	7419	4275	3627	3913	5176	2547	1738	3826	3319	
"Сен-Пьер и Микелон"	2152	1696	3433	4867	3206	3223	3297	3292	2519	1630	2211	1792	1106	1882	1142	1291	1934	2248	2014	2380	
"Кирибати"		503		291	429	738	547	460	821	992	1325	593	2375	884	930		1752	3740	2994	2173	
"Бонайре, Синт-Эстатиус и Саба"										501	671	1426	1160	2146	2391	3084	2567	1993	1993	1939	
"остров Рождества"	413	1038	732	1090	1680	2850	4782	2640	3490	3047	2528	592	2032	1740	971	854	555	1714	1754	1711	
"Науру"	75	450	495	497	398	211	292	366	695	2575	4677	2233	1745	783	2422	1304	1363	3590	2747	1402	
"Остров Норфолк"	226	350	350	279	505	471	527	684	519	660	343	327	1198	398	133	554	743	282	325	1305	
"Остров Святой Елены"	1300	1497	1404	1837	1251	1000	1014	2024	1947	1980	2187	1786	1841	960	1514	883	1086	985	1546	1236	
"Кокосовых (Килинг) островов"	103	297	156	210	428	372	252	521	604	434	448	236	339	531	493	388	306	820	762	1226	
"Острова Кука"		2642	1603	2633	1748	1283	1193	1662	1656	2616	2098	3085	3198	1732	1708	957	681	332	1115	1169	
"Монтсеррат"	1143	1374	1436	1086	1237	1445			1006	1183	1286	1359	1667	1771	1524	982	824		634	1065	
"Острова Уоллис и Футуна"	295	330	498	251	515	31	159	365	150	383	645	1967	81	134	149	291	221	197	123	306	
"Тувалу"	59	51	50	41	37	37	105	112	46	113	113	72	61	20	357	330	232	120	168	269	
"Эритрея"	6613	2940	4100	5849	6202	11624	14677	6421	12453	16993	25872	10697	12199	1189	1197	1325	1585	1163	879	263	
"Британская территория в Индийском океане"	113	342	719	286	229	209		56	62				55		21	194		37		191	
"Токелау"	17	48	3026	7	106	79	34	14378	20	3	386	2	14	32	36	41	82	20	947	146	
"Суда и бункеры"	538	42	80	869	356	1	92	967	294	52	234	163	346	130	1280	270	145	325	190	124	
"Южные земли (французская заморская территория)"	26	93	212	71	6095	163	1163	324	168	240	233	5	219	221	143	715	78	298	90	111	
"Западная Сахара"	43		458		1366		239	400		18		319	51	53	137	51		149	507	106	
"Ниуэ"	306	349	396	252	240	251	146	413	238	439	312	292	324	99	151	107	137	88	49	15	
"Американское Самоа"													29	29		121	9	2	4	1	
"Остров Буве"				16	71			2			2				1						
"Остров Майотта"	17529	17237	20972	27825	35525	19951	18027	18514	15997	20765											
"Нидерландские Антильские Острова"		52592	62753	63304	76622	70839	77946														
"Корейская Народно-Демократическая Республика"	17559	16368	18173	7849	16582	33916	32183	38261	42546	45250	26937	21673	25839	27550	380	97	101	1			
"Питкэрн"	23	96	74	34	402	12	19	5	286	159	2	18	167	515	264				362		
"Судан (до 2012)"	162857	301649	297844	340009	423261	379339	371267	308603													
"Сербия и Черногория"	477591	342968	118770																		
