Партнеры	Баланс в Стоимость в 2004 г.	Баланс в Стоимость в 2005 г.	Баланс в Стоимость в 2006 г.	Баланс в Стоимость в 2007 г.	Баланс в Стоимость в 2008 г.	Баланс в Стоимость в 2009 г.	Баланс в Стоимость в 2010 г.	Баланс в Стоимость в 2011 г.	Баланс в Стоимость в 2012 г.	Баланс в Стоимость в 2013 г.	Баланс в Стоимость в 2014 г.	Баланс в Стоимость в 2015 г.	Баланс в Стоимость в 2016 г.	Баланс в Стоимость в 2017 г.	Баланс в Стоимость в 2018 г.	Баланс в Стоимость в 2019 г.	Баланс в Стоимость в 2020 г.	Баланс в Стоимость в 2021 г.	Баланс в Стоимость в 2022 г.	Баланс в Стоимость в 2023 г.	 Стоимость Экспорта в 2023 г.	 Стоимость Импорта в 2023 г.	
"Весь Мир"	-8161578	644255	-5199313	-3537579	2485198	-8830049	960989	-2122498	-2901110	-219830	506639	-5873181	-7612822	-9388469	-7061926	-15209850	-8090261	-7608123	-7104315	-12561497	959514679	972076176	
"Германия"	62285142	72001049	73921714	94611810	96738262	61780672	93827802	110623429	104630632	107502674	113771408	107135208	100639813	98651834	90332526	71268063	56427075	72321811	87440593	99095306	177224625	78129319	
"Япония"	66627391	71663902	86831235	100454532	108644075	57684628	83929763	78513489	86567335	81080153	78140167	77064347	81645407	82258275	86936056	85907309	70755782	73979036	76535901	98381120	110937486	12556366	
"Республика Корея"	23722775	25886140	28694321	32027109	28809693	20516792	28879483	37281158	37820180	38717206	36729890	31817365	28154169	29161735	27048080	29346498	23577991	31385239	37631395	53752086	68260793	14508707	
"Мексика"	5415524	5564206	8142224	9248109	13264429	10348201	16629966	19580151	21526058	23936772	24183672	23379458	21476416	30174802	38789892	40763585	34014684	32353536	35912396	39659613	57333805	17674192	
"Китай"	-4284794	-3840527	-5414515	-7032930	-11066619	-12978794	-26715831	-37226088	-40723191	-42842385	-55182174	-40058304	-39037709	-42759808	-40982945	-38423749	-34996278	-28463609	-7586006	31718510	77659214	45940704	
"Словакия"	3218569	2791131	5038308	8345081	8189911	5851867	7504377	10057383	11755022	12843318	12804632	11833862	13065530	13636710	19107950	20347014	22094988	24191028	23212838	29392149	33169759	3777610	
"Чехия"	2526206	4478410	6271044	7345788	7559725	8186287	10150551	12676664	12736357	12826004	14771252	13730707	14866844	16791564	18420781	18124215	16908939	18477180	19965626	25291043	31975370	6684327	
"Испания"	4572495	1063272	210520	707053	7956644	13164000	14356011	16892482	14899766	17873151	16823398	16904052	17504221	14152990	13527165	13415333	17666467	18603234	15495075	17053228	40610683	23557455	
"Венгрия"	-598053	-207642	609181	2374780	3483224	2883287	2647244	2854875	3200163	5451550	8714436	9033199	8262555	7868056	7460510	8919092	8039491	8561401	8736723	11559503	15588530	4029027	
"Таиланд"	751500	1819687	2666757	3595083	4796926	3625089	6222718	5385440	4247241	5259194	5233970	8535393	10672339	10032420	9855450	8686977	7121443	9376027	9253871	7367072	11776338	4409266	
"Индия"	650151	822670	918788	1033936	1829916	2705720	4049311	2833804	3661755	5279932	5579005	5158114	6157546	6359238	6926746	6781324	4445800	5171409	6178934	5989294	6723742	734448	
"Индонезия"	-439931	-340143	-88954	56915	83927	-274100	-379368	-426429	-463866	-115181	1160698	1264214	1375651	1952099	2208301	2812250	2077648	2632047	4300452	3980138	6066930	2086792	
"Марокко"	-496456	-644448	-799472	-1005158	-1364043	-1123922	-1214362	-1110678	-772444	-1486	645786	825965	963587	996963	1189419	1248391	1547721	1991010	3129462	3900830	6396539	2495709	
"Швеция"	3272097	2861871	3026257	2998511	2298719	-159821	-1324295	-1109777	-1567868	-2160148	-3088793	-1592867	-1235663	-106687	2950388	3216047	2942965	2458017	2257767	3765545	15192769	11427224	
"Румыния"	-1087654	-1523008	-2048960	-3178681	-2702797	1245437	1447056	1753928	2032259	3020232	2540909	1780599	1298727	1150590	2877535	2540299	3070408	2469078	2716571	2640605	6909091	4268486	
"Южная Африка"	-110982	-766910	-1435376	-1774867	1785867	726629	518209	-356078	-1141107	-1833956	-335534	1210794	1857205	1627383	2262266	2773739	2498514	2167806	1221832	1294342	5407083	4112741	
"Словения"	301365	946051	770466	1103835	997054	1469371	1218310	1018676	860357	531292	715684	829380	778849	1249147	1583758	1499680	1469927	1359169	350615	199360	2648708	2449348	
"Токелау"	-7	13	-2834	19	-106	-75	-17	-14367	1684	-3	-342	4	-6	-13	45	0	-40	-18	331003	146789	146935	146	
"Корейская Народно-Демократическая Республика"	-5680	-1069	3383	217619	63814	-8308	-17447	70283	2753	-14007	-9823	6637	440	16170	16454	27690	8806	11270	21071	8537	8537		
"Ангилья"	-2107	-4218	-4163	-4739	-3261	-1906	-1969	-1507	-18762	-1894	-960	-6666	-4207	-3535	-3738	-4590	-2513	-1372	-3222	1137	4456	3319	
"Американское Самоа"	75					72			18				-20	6729	2153	576	55	26	268	78	79	1	
"Ниуэ"	132	-317	-396	-173	2537	38410	-138	-366	-199	-439	-244	-292	-324	-99	-151	-93	-137	-47	-49	-15		15	
"Суда и бункеры"	-538	-35	-21	-861	-356	34	-56	-942	-241	-52	-231	53	-324	-108	52	6265	3147	2099	57	-55	69	124	
"Южные земли (французская заморская территория)"	238	-93	-204	-64	-5654	-59	11	-264	-83	-240	-217	-5	-219	-219	-138	-691	-78	-188	60	-91	20	111	
"Западная Сахара"	-37		-458		-1366	3	-239	207		-12		-317	-51	-53	-137	-51		-149	-452	-106		106	
"Острова Уоллис и Футуна"	-295	-330	-488	-203	-514	2	-143	-358	-150	-383	-643	-1967	-81	-132	-137	-106	-221	-184	-120	-120	186	306	
"Британская территория в Индийском океане"	-107	-342	413	-7	-147	-150	11	77	-1	483		34	-53	48	32	367	6	-10		-170	21	191	
"Эритрея"	-6457	-2680	-4047	-5502	-6090	-11437	-14640	-6164	-12361	-16947	-25852	-10638	-12184	-1178	-1185	-887	-1584	-1114	-767	-252	11	263	
"Тувалу"	-59	-51	-14	-34	-25	-30	-105	-112	-46	-113	-67	-72	-61	-20	-357	-308	-232	-120	-128	-264	5	269	
"Остров Святой Елены"	-1289	-1463	-1278	-1837	-871	-1000	-1014	-2015	-1712	-1949	-2146	-1784	-1741	-935	-1438	-869	-1078	-975	-1546	-595	641	1236	
"Монтсеррат"	-1089	-1318	-1413	-1056	-1223	-1403			-998	-1152	-1282	-1199	-1640	-1615	-1333	-952	-801		-632	-996	69	1065	
"Острова Кука"		-2642	-1598	-2615	-1746	-1168	-1193	-1646	-1648	-2612	-2014	-3055	-3198	-1732	-1706	-881	-681	-314	-1085	-1153	16	1169	
"Кокосовых (Килинг) островов"	-103	-279	-156	-210	-417	-363	-249	-518	-461	-434	-443	-234	-339	-531	-493	-379	-306	-811	-762	-1226		1226	
"Остров Норфолк"	-226	-291	-316	-248	-420	-153	-390	-646	-479	-573	-264	-253	-1170	-373	-98	-540	-741	-250	-325	-1298	7	1305	
"Науру"	-34	-436	-488	-478	-364	-193	-287	-366	-682	-2575	-2875	-2214	-1744	-685	-2394	-1220	537	19795	-2747	-1402		1402	
"остров Рождества"	-404	-1038	-731	-1085	-1672	-2850	-4782	-2640	-3490	-3028	-2513	-592	-2032	-1740	-970	-854	-550	-1711	-1727	-1711		1711	
"Бонайре, Синт-Эстатиус и Саба"										-501	-671	-1386	-1140	-1908	-2176	-2957	-2234	-1945	-1968	-1777	162	1939	
"Кирибати"		-503		-274	-429	-738	-547	-460	-815	-990	-1311	-593	-2306	-883	-900		-1704	-3740	-2915	-2173		2173	
"Грузия"	-112460	-160615	-244647	-299545	-349966	-225902	-174620	-60382	-75303	-6676	-197264	-1509	-1715	-2662	-1318	-4176	-2465	-2598	-2537	-2213	3308	5521	
"Сен-Пьер и Микелон"	-2125	-1655	-3433	-4845	-3206	-3223	-3290	-3277	-2485	-1625	-2211	-1781	-1059	-1882	-1142	-1291	-1934	-2244	-2009	-2364	16	2380	
"Маршалловы Острова"	-1742	-992	-1117	-1067	-1561	-1121	-885	-1970	-1920	-1682	-1162	-2003	-3773	-2169	-2232	-1507	1397	-1956	-2038	-2971	556	3527	
"Палау"									-3368		-4048	-6225	-6055	-5658	-5103	-3683	-3022	-3353	-3237	-3683		3683	
"Фолклендские (Мальвинские) острова"	-1710	-1890	-747	-930	-666	3008	-2117	-657	1318	-2464	-4354	-3138	-1999	-2657	-2223	-2216	-2390	-2503	-2300	-4076	25	4101	
"Доминика"	-3358	-4108	-3744	-3914	-4706	-5068	-5448	-3406	-3491	-3171			-5702	-5597	-7636	-6636	-3154	-1857	-2524	-4551	145	4696	
"Микронезия (Федеративные Штаты)"	-6655	-5044	-5306	-4043	-4850	-6266	-7192	-6627	-6189	-6090	-2072	-2553	-2646	-2673	-2554	-2839	-2935	-3942	-3868	-4657		4657	
"Бутан"		-13364	-10939	-16067	-35807	-24665	-31194	-69185	-21388				-45512	-34463	-32354	-31126	-27340	-35136	-20252	-5340		5340	
"Сан-Томе и Принсипи"	-2460	-3932	-3120	-3718	-5743	-5700	-7047	-5284	-6356	-4620	-6943	-5072	-5662	-5346	-4233	-5556	-4086	-5534	-5205	-5387	19	5406	
"Гвинея-Бисау"	-2537	-3634								-3820	-3310	-4216	-3413	-3707	-5233	-5658	-4972	-5251	-6397	-5487	94	5581	
"Коморские Острова"	-6202	-3287		-3685	-11433	-13014	-20428	-14436	-13734	-20080	-26207	-12942	-13498	-14802	-16506	-17270	-22654	-24870	-8322	-6375	20	6395	
"Гуам"				-98				-40	-121	-39		-2026	-767	-703	-2928	-2255	-1925	-3388	-3730	-7459		7459	
"Чад"	-2280	-5067	-7606	-13061	-20963	-22086	-6803	-3581	-10007	-17900	-12188	-21240	-22575	-12625	-17315	-19850	-33980	-64885	-25294	-7719		7719	
"Северные Марианские острова"	-12288	-7609	-7373	-4125	-5698	-3885	-5339	-3116	-4920	-7429	-12492	-16018	-17211	-14584	-12062	-15985	-9392	-10516	-14458	-9316	42	9358	
"Соломоновы Острова"	-1287	-2465	-3963	-5080	-4760	-2258	-10303	-6893	-9425	-10965	0	-9390	-14174	-13194	-16092	-6196	-4156	-5166	-7097	-9501	132	9633	
"Сент-Винсент и Гренадины"	-5792	-5413	-6803	-5408	-5955	-5633	-7239	-5742	-4726	-4773	-4964	-6453	-8170	-8341	-7762	-8515	-6765	-6855	-6740	-10213	287	10500	
"Вануату"			-1479	-3273		-3883	-11088	-6917	-3461	-3611	-4010	-4388	-4692	-6060	-6829	-6932	-4646	-6384	-8750	-10455		10455	
"Сирийская Арабская Республика"	-851760	-421202	-621681	-644165	-541496	-515612	-717973	-579707	-276463	-372695	-327617	-99734	-125017	-103908	-65412	-79135	-21548	-3760	-4423	-10676	11	10687	
"Тонга"					-4620	-5679	-3115	-3640	-4717	-5257	-6270			-8686	-6325	-8440	-6898	-8459	-7818	-11535	37	11572	
"Афганистан"					-277250	0	0	-609397	-137689	-111479	-74641	0	0	-66356	-49493	-22956	-82965	-35555	-20197	-12042	119	12161	
"Бурунди"	-17462	-13403	-27251	-10771	-6366	-15288	-19694	-19093	-17203	-19583	-27261	-28580	-18878	-27992	-26259	-35739	-42495	-28136	-35032	-12608	30	12638	
"Гренландия"	-5344	-7920	-6634	-8585	-11384	-6389	-4431	-4613	-4068	-4715	-4980	-4813	-6711	-9255	-8350	-9122	-14170	-13450	-13047	-12644	410	13054	
"Самоа"	0	0	0	0	0	-1861	-8175	-5827	-4424	-6262	-8186	-7386	-10565	-9934	-10197	-14675	-8758	-9067	-8645	-14576	29	14605	
"Экваториальная Гвинея"	-11163	-11732	-10775	-16178	-14339	-23784	-25520	-35937	-42466	-46305	-31759	-24427	-22631	-16953	-31253	-24686	-20546	-16918	136141	-15767	226	15993	
"Синт-Мартен (нидерландская часть)"								-8930	-18669	-14168	-17916	-3564	-4011	-5201	-4001	-3191	-2078	-3490	-3493	-15908	113	16021	
"Сент-Китс и Невис"	-6380	-8348	-10048	-11221	-12873	-9969	-9090	-6869	-6600	-9074	-12856	-15248	-20027	-14582	-10034	-12680	-8833	-8078	-9675	-16326	104	16430	
"Шри-Ланка"	-198771	-161402	-248117	-200435	-219973	-63909	-445320	-916866	-499911	-591065	-798856	-1284634	-629854	-539936		-647801	-234442	-13626	-5709	-18123	2706	20829	
"Мальдивские Острова"	-1806	-2015	-2713	-2464	-2808	-2337	-1464	-11401	-2863	-2822	-4673	-7039	-4522	-4877	-6961	-9331	-5672	-10913	-17116	-18865		18865	
"Британские Виргинские острова"	-7030	-9555	-11270	-14726	-11551	-5857	-9490	-11636	-9522	-11552	-12315	-21659	-22205	-23050	-45748	-17074	-10009	-7138	-12903	-19237	46	19283	
"Гренада"	-7828	-8921	-8337	-10307	-9790		-7661	-8670	-6406	-7730	-6686	-9436	-10080	-13794	-16549	-13269	-10939	-8836	-11228	-19737	1347	21084	
"Руанда"	-9116	-17020	-14546	-24909	-36425	-15766	-70420	-40604	-77750	-36672	-40571	-45269	-74597	-85727	-61136	-5910	-19874	-17625	-73387	-20822	55	20877	
"Белиз"	-9616	-8179	-11067	-12341	-14926	-10486	-8765	-10940	-12070	-13733	-15277	-19153	-21068	-15550	-16042	-15109	-9881	-10534	-18707	-21280	397	21677	
"Южный Судан"									-7195	-11308	-36052	-14168	-6571	-10759	-58288	-97562	-73154	-57217	-39146	-23353	280	23633	
"Кабо-Верде"	-11837	-13102	-18259	-21526	-25921	-15955	-15507	-18569	-15482	-11198	-12428	-12071	-10739	-19283	-23652	-23564	-19722	-30379	-21942	-25009		25009	
"Эсватини"	-38037	-40977	-35071	-29441	-28755	-29807	-44057	-46661	-46663	-44140	-41292	-27793	-29983	-40331	-46108	-46156	-30027	-25159	-24963	-28109	1935	30044	
"Нигер"	-24025	-9554	7476	-25607	-29273	-31216	-31938	-47116	-41828	-52879	-65740	-55887	-63666	-42209	-43837	-52365	-49717	-76945	-41131	-28605	652	29257	
"Джибути"						-15790												42370	-30832	-30160	348941	379101	
"Бермудские острова"									-11380	-13347	-16770	-19645	-20625	-26970	-23968	-21067	-15950	-25836	-25076	-30480	102	30582	
"Сент-Люсия"	-10001	-16411	-28445	-37726	-28845				-19770	6249	3104	1274	205	-2271	-20424	-20772	-15305	-15643	-20162	-30652	537	31189	
"Гаити"										-66978	-82071	-69207	-82064	-51435	-65988	-45693	-58797	-89419	-69333	-31896	116	32012	
"Туркменистан"	-9873	-75750	-23461	-63274	-74032	-78964	-46335	-84421	-168068	-86535	-90807	-18423	-21771	-69604	-24981	-25535	-30564	-86019	-157864	-32263	236	32499	
"Лесото"		-7276	-2694	-4453	-9187	-3636	-14548	-23773	-35428	-62025	-64809	-42897	-56851	-56907	-53841	-39762	-37299	-39518	-31433	-34043	765	34808	
"Острова Теркс и Кайкос"	-11128							-4733	-7702	-8970	-11242	-13494	-14672	-12982	-13712	-15912	-8037	-9235	-24512	-34110	64	34174	
"Иран (Исламская Республика)"	18035	-127169	13226	-542099	-743588	-548801	-504698	-700541	-775861	-1551328	-2050342	-1217548	-1968982	-1818944	-429119	-234058	-44083	-18470	-3933	-34798	21646	56444	
"Центральноафриканская Республика"			-1	-4126	-4283	-5091	-5073	-5751	-11944	-3472	-20335	-7542	-58678	-18529	-24672	-8962	-43103	-5410	-6611	-34914	265	35179	
"Тимор-Лешти"	3471	2019								-21774				-25815	-18854	-21804	-16835	-24450	-32337	-35040	70	35110	
"Судан"									-195482	-188132	-233058	-246617	-252447	-468899	-328185	-328973	-430595	-254590	-123408	-37028	81	37109	
"Гибралтар"	-76500	-61991	-81152	-90895	-72527	-70101	-83185	-105468	-114024	-142337	-154502	-167062	-128693	-161705	-166232	-190551	-6067	-41004	-65617	-37600	16027	53627	
"Сьерра-Леоне"											-111075	-133054	-43315	-69603	-44092	-22681	-34157	-52127	-42906	-38628	2229	40857	
"Конго"				-41918	-40802	-34440	-32825	-62472	-97292	-113515	-134822	-78656	-44085	-119685	-23624	-29763	-31522	43140	-52982	-38778	329	39107	
"Суринам"	-34648	-36572		-38014		-43570	-45805	-53549	-63333	-54328	-51694	-59451	-29190	-27753	-39554	-50957	-38951	-36819	-32433	-41190	408	41598	
"Сейшельские Острова"	-6403	-6015	-11397		-19332	-14569	-14864	-32258	-24391	-24367	-29558	-17581	-31814	-27395	-33783	-24067	-10524	-7490	-28114	-42147	103	42250	
"Мали"	-43859	-29892	-44254	-50912	-71186		-100004	-64876	-49373				-77381	-70443	-66221	-91478	-90020	-137448	-72027	-45382	325	45707	
"Антигуа и Барбуда"		-19575		-29171		-24079	-13299	-8316	-13010	-14911	-24702	-24376	-29022	-29944	-36309	-31289	-16759	-10927	-17578	-45710	546	46256	
"Зоны Свободной Торговли"	-9978	-14191	-9368	488431	463032	401352	496881	-6396	-185014	-155219	-373286	-644930	-703169	-35862	151824	458538	-42107	-55953	-37380	-46589	956	47545	
"Гамбия"	-17232	-24532	-24929	-34313	-30378	-20964	-16896	-16511	-20004	-21645	-17632	-18953	-20043	-33207	-23949	-28142	-48624	-68640	-71498	-47878	592	48470	
"Фарерские острова"	-22986	-26790	-40195	-47465	-33335	-9921	-15849	-18716	-22652	-21778	-34103	-35527	-37322	-39819	-49608	-49605	-51501	-64350	-53899	-52974	3408	56382	
"Либерия"														-31222	-37630	-38496	-33302	-58544	-52216	-54870	543	55413	
"Бенин"	-22897	-25533	-26558	-40897	-52996	-49851	-55528	-62877	-63462	-61533	-67224	-75600	-79472	-69004	-65209	-61743	-73313	-84860	-55570	-58180	1569	59749	
"Французская Полинезия"	-93947	-109746	-105516	-110918	-129351	-86906	-84154	-64957	-63174	-68716	-72861	-63024	-68718	-90701	-115075	-108467	-88520	-119402	-121150	-64160		64160	
"Папуа-Новая Гвинея"	-15774							-58428	-70973							-10507	-13506	-17809	-48958	-67572	76	67648	
"Кайман острова"																	-51530	-75491	-65056	-70234	122	70356	
"Аруба"		-330	-1212	-3619	-1146	-32434	-33263	-45060	-46788	-50500	-50346	-50501	-51441	-55169	-57147	-51092	-22014	-29537	-48335	-75661	385	76046	
"Мадагаскар"	-10895	-17615	-26426	-47014	-64034	-48159	-42914	-68071	-59857	-54280	-67355	-46129	-59754	-77283	-66426	-78719	-55509	-54765	-65072	-76009	607	76616	
"Малави"	-19865	-25930	-38010	-51381	-57154	-64409	-54538	-46112	-92088	-56150	-53850	-55970	-41930	-53516	-83054	-86284	-78012	-76545	-34946	-77299	1550	78849	
"Барбадос"	-48863	-119849	-45717	-53226	-52986	-31807	-39775	-40172	-36747	-37081	-37294	-34098	-48837	-51406	-45468	-43549	-39277	-33199	-43223	-77868	819	78687	
"Куба"	-53120	-79116	-42206										-76664	-50651	-70042	-86061	-45436	-55773	-57763	-80434	68	80502	
"Сомали"	-296	-9070	-344	-18148	-8618	-784	-2150	-4755	-89919	-59466	-55043	-60344	-57201	-67724	-82313	-71179	-73097	-89642	-93102	-84162	19	84181	
"Фиджи"	-31018	-31568	-31332	-22241	-27120	-22583	-22796	-23844	-31044	-50344	-51394	-71244	-111333	-59744	-86814	-56927	-32482	-47203	-67514	-84323	1373	85696	
"Кюрасао"														-70843	-60334	-55275	-37855	-57344	-81906	-86958	544	87502	
"Внешние малые острова Соединенных Штатов"	-69304	-72940	-82968	-95972	-85073	-60523	-72352	-60357	-65788	-63344	-74954	-80996	-75399	-75034	-60278	-63187	-47989	-67995	-78167	-87991	7803	95794	
"Мавритания"	-35180	-23917		-51942	-62443	-53398	-51221	-71652	-108308	-103795	-105358	-57969	-52927	-57944	-51446	-57280	-60101	-136236	-110799	-88099	171	88270	
"Буркина-Фасо"	-32205	-29493	-33914	-33501	-45758	-50774	-50805	-56609	-66182	-97571	-80288	-65930	-63420	-78039	-99475	-109510	-101626	-130872	-98103	-88552	2080	90632	
"Мьянма"							-7908	-78240	-537792	-453115	-592977	-440480	-373870	-254258	-229780	-222081	-289197	-201154	-42411	-94264		94264	
"Камерун"	-88490	-76632	-70957	-84859	-111834	-114062	-127530	-155290	-146230	-143978	-158647	-143790	-144358	-121629	-112764	-112790	-98496	-169520	-114515	-95261	274	95535	
"Габон"	-37117	-55794	-70496	-81196	-90392	-81168	-88165	-208480	-126496	-160898	-90762	-69408	-87975	-47976	-48275	-64893	-61253	-68418	-80957	-106353	4269	110622	
"Намибия"	-157931	-196979	-216891	-237195	-215871	-320935	-318961	-341405	-324088	-231216	-297045	-271289	-208085	-155537	-145843	-124996	-80480	-113052	-143923	-106725	6146	112871	
"Гвинея"	-21692	-21733	-17493	-32745	-48339	-27770	-32934	-49144	-60871	-31854	-41949	-66872	-59298	-85681	-87057	-107262	-124862	-143326	-112864	-115596	602	116198	
"Того"	-11566	-10696		-18102	-19372	-29123	-30744	-41703	-32637	-32118	-50273	-47933	-60045	-49756	-51484	-55575	-82534	-110109	-94589	-126272	1718	127990	
"Новая Каледония"	-121565	-134369	-136361	-152519	-194086	1020	-185384	-192153	-183391	-164968	-168646	-140564	-85470	-91753	-102904	-100261	-92180	-100747	-108640	-126657	634	127291	
"Мозамбик"	-28101	-53917	-44624	-76816	-95385	-101642	-78504	-124413	-71547	-159082	-184213	-160738	-62942	-62805	-95879	-122491	-89812	-122863	-115205	-145166	1302	146468	
"Багамские Острова"	-82081	-92552	-113220	-113705	-91416	-52851	-56093	-60160	-95975	-91808	-105746	-101127	-111124	-128688	-92694	-82755	-87612	-93182	-101902	-160321	2398	162719	
"Ботсвана"	-135265	-101719	-87049	-130475	-173871	-145687	-170393	-153249	-208664	-163965	-171813	-161220	-142074	-120737	-141416	-183078	-147026	-156985	-133694	-164570	5417	169987	
"Ангола"	-188143	-229153	-318619	-441609		-989975	-509779	-575797	-1158789	-831378	-1499134	-400131	-108225	-289517	-273688	-277990	-176836	-213784	-491527	-165271	2054	167325	
"Бельгия"	8233236	9060185	8517190	5272713	2041483	1240190	-3227766	434849	2664929	2543065	2441339	-999664	-2438206	-3712801	-4716898	-1951348	771347	-104741	-739416	-173441	43083479	43256920	
"Государство Палестина"				-187126	-117834	-147806	-95055	-127516	-102225	-95802	-118341	-136796	-136781	-211443	-197251	-152241	-102716	-181321	-210290	-175180		175180	
"Гайана"	-15885	-13953	-19017	-23233	-27302	-32471	-35694	-36331	-48107	-43436	-40657	-38767	-38812	-38581	-41320	-50323	-49449	-83121	-81136	-179358	758	180116	
"Бруней-Даруссалам"	-168993	-175784	-144041	-189564	-240241	-176841	-268597	-217590	-300484	-318596	-300296	-214962	-175706	-195790	-188054	-252705	-276025	-222124	-189521	-180393	712	181105	
"Демократическая Республика Конго"												-96130	-75435	-66164	-78469	-77734	-54889	-130900	-176934	-180878	1104	181982	
"Никарагуа"	-43451	-67004	-77123	-85513	-61031	-45178	-60224	-87165	-123645	-117499	-115964	-135216	-142978	-134297	-61473	-31232	-49043	-75826	-115315	-181158	563	181721	
"Андорра"	-112719		-108436	-105114	-86122	-59737	-66991	-61849	-45962	-60225	-88281	-84067	-94326	-108122	-134658	-130217	-110750	-166915	-146861	-196982	34265	231247	
"Зимбабве"	-66029	-54096	-45910	21747	-16746	-91117	-444145	-428450	-469867	-208492	-151825	-149578	-109696	-124220	-230448	-45733	-107685	-120319	-146539	-199701	962	200663	
"Венесуэла (Боливарианская Республика)"	-796257	-1602747	-1937778	-4117692	-1122056	-58694	-249633	-184924	-477366	-100936	-284086	-684074	-212035	-131764	-71763	-93165	-87363	-70745	-166965	-203187	883	204070	
"Непал"						-39205	-85272	-52290	-50881	-56443	-87143	-75916	-194675	-133641	-173591	-147850	-93267	-199280	-121353	-206715	16	206731	
"Китай, Специальный административный район Макао"	-113604	-110923	-115479	-154527	-158215	-115001	-220361	-285224	-393350	-411595	-427506	-298226	-136736	-175754	-230182	-234739	-193098	-195344	-161989	-219781	4091	223872	
"Сенегал"	-66205	-85504	-100843	-124954	-168046	-130444	-132199	-143888	-145390	-148951	-145295	-122823	-155752	-175677	-207827	-179955	-164242	-171002	-165140	-229156	4539	233695	
"Йемен"	-78506	-120334	-277411	-352454	-446900	-557906	-626254	-406913	-511310	-523822	-495274	-313255	-166745	-124726	-245423	-387892	-419836	-411710	-257425	-235667	278	235945	
"Черногория"			-130226	-208338	-199218	-76082	-75996	-88341	-80797	-81711	-81895	-74354	-84776	-97513	-103798	-108657	-63115	-89444	-138435	-244766	4976	249742	
"Лаосская Народно-Демократическая Республика"							-19127	-50144	-33259	-94738	-82407	-57548	-361352	-321084	-244030	-163844	-108808	-174455	-208129	-252677	4	252681	
"Уганда"	-46488	-74073	-78895	-107829	-101197	-114236	-162515	-174309	-181028	-183589	-202672	-167310	-119582	-128151	-149135	-159890	-160702	-167124	-194617	-259145	22313	281458	
"Замбия"	-38866	-52524	-85032	-83121	-108538	-60931	-80561	-120580	-174930	-227543	-196516	-133212	-84703	-94408	-142090	-111316	-87728	-131296	-209493	-267222	4714	271936	
"Северная Македония"	-129661	-95647	-131566	-192363	-255856	-168918	-238749	-188391	-138406	-135343	-142585	-129836	-153338	-170133	-197703	-212800	-171869	-244787	-195223	-292973	2898	295871	
"Мальта"	-84381	-83313	-82601	-98009	-100348	-91965	-85608	-98056	-68021	-74304	-100104	-112016	-92870	-131562	-138209	-144745	-108175	-136154	-172296	-296868	2722	299590	
"Тринидад и Тобаго"	-151762	-192728	-216822	-219994	-231135	-123062	-155738	-171450	-265532	-340282	-350561	-372694	-305541	-320498	-250571	-288849	-221143	-142374	-169180	-336780	988	337768	
"Объединенная Республика Танзания"	-77160	-117487	-165139	-172332	-220891	-236558	-296572	-258955	-300688	-310044	-325603	-230062	-388142	-151000	-173329	-270743	-207441	-236964	-275293	-353121	19354	372475	
"Аргентина"	-519972	-797952	-605799	-532566	-1044810	246368	-559155	-881286	-1401221	-2941041	-489443	-1430596	-2937594	-4756151	-4761396	-2149588	-1252464	-647258	-666599	-357198	1493942	1851140	
"Сальвадор"	-137595	-121909	-127939	-140872	-109880	-76467	-78153	-96194	-119580	-148341	-137789	-161846	-186335	-183477	-191289	-221616	-164442	-278509	-328715	-363718	2532	366250	
"Республика Молдова"	-36381	-55204	-74821	-127689	-198411	-77697	-86044	-129311	-104056	-124139	-124661	-81965	-92573	-129261	-160151	-175247	-158329	-214069	-261742	-373300	29549	402849	
"Кения"	-122767	-153633	-210924	-292434	-306904	-290757	-337480	-310984	-397653	-491023	-554817	-542813	-464038	-494601	-547275	-548181	-439157	-475868	-419147	-376448	4946	381394	
"Бангладеш"	-103501	-127642	-152574	-180572	-252644	-350205	-400190	-342714	-224521	-271586		-396880	-437409	-501574	-481274	-484917	-333121	-557004	-557392	-387302	685	387987	
"Маврикий"	-83730	-71034	-70555	-91645	-125404	-95380	-122416	-137491	-181962	-164195	-179655	-167757	-186844	-219564	-247520	-243207	-173615	-201999	-266135	-398019	765	398784	
"Албания"	-92546	-84409	-98474	-162212	-178696	-158223	-131250	-198106	-211231	-190852	-183380	-168086	-205371	-200721	-258451	-233103	-266778	-333441	-38996	-407779	2169	409948	
"Ямайка"	-137773	-174240	-156972	-189034	-175947	-98770	-101071	-138975	-221118	-200945	-168362	-198884	-381594	-470441	-319753	-369238	-263404	-271590	-304508	-420201		420201	
"Кот-д'Ивуар"	-61066	-62731	-123128	-189779	-236282	-170626	-181335	-129447	-231587	-246647	-228820	-228119	-249061	-273907	-300892	-242701	-256391	-439987	-386495	-426401	3295	429696	
"Таджикистан"											-242884	-79800	-22019	-75149	-118609	-140674	-114147	-143798	-227962	-493118	7087	500205	
"Гондурас"	-83398	-84719	-128289	-184750	-164849	-109326	-126798	-127394	-137108	-141434	-116021	-141748	-175787	-195594	-217058	-197445	-133268	-256622		-526233	948	527181	
"Боливия (Многонациональное Государство)"	-69205	-113487	-172441	-242990	-338975	-192755	-209057	-489888	-343611	-455738	-499215	-556987	-409686	-460507	-408985	-430716	-271492	-369235	-443628	-530898	505	531403	
"Уругвай"	-47730	-75532	-91780	-118522	-160963	-164637	-238212	-319271	-372739	-278226	-261566	-300395	-299887	-378252	-305006	-299307	-247424	-394290	-475021	-542305	156	542461	
"Гана"	-296595	-382626	-420072	-560382	-546648	-481588	-523393	-859160	-1069758	-1092004	-774436	-858748	-916046	-998283	-955780	-881170		-1148686	-751754	-543534	6618	550152	
"Парагвай"	-78095	-91458	-141729	-201220	-377609	-257861	-350104	-492361	-467484	-489438	-538410	-452132	-413816	-524891	-670060	-531000	-410402	-465119	-568687	-551455	440	551895	
"Камбоджа"	-32862	-37643	-46187	-88283	-140897	-91982	-102314	2697	-218195	-181108	-222759	-342493	-362664	-402157	-573820	-828431	-501593	-508990	-793858	-564239	8860	573099	
"Эфиопия"	-97071	-124345	-172403	-89807	-103652	-108139	-161533	-164792	-226087	-240786	-252036	-286569	-329244	-342637	-325667	-455833	-415364	-502802	-733323	-574252	1071	575323	
"Босния и Герцеговина"	-178718	-279748	-310975	-412938	-492568	-280483	-259848	-369245	-323807	-331758	-353137	-307791	-338081	-398905	-459494	-502572	-351135	-458909	-433799	-613824	7719	621543	
"Армения"	-32011	-36508	-54944	-114603	-172268	-48076	-58772	-76395	-60016	-61291	-60112	-85530	-29344	-37914	-71925	-105574	-54354	-96263	-348089	-614421	454871	1069292	
"Сингапур"	-1155013	-1276044	-1315121	-1303781	-1731923	-1072365	-953357	-964880	-914768	-820560	-1022165	-1298688	-1797078	-1503198	-1683566	-1662775	-720869	-1122602	-792156	-619373	392238	1011611	
"Ливан"	-600423	-558961	-534398	-717340	-1357786	-1460921	-1426472	-1088816	-977343	-1069018	-837284	-899922	-834876	-1302501	-992003	-770031	-135471	-627934	-1401784	-647441	3723	651164	
"Монголия"	-47600	-51077	-78107	-86597			-163532	-446813	-429101	-372357	-288212	-209292	-218813	-259872	-407428	-417373	-297228	-385110	-572201	-657719	19286	677005	
"Латвия"	-276790	-365741	-657643	-907964	-464659	19274	-62569	-160018	-207892	-311848	-315494	-249034	-359002	-397665	-459455	-438744	-312279	-429573	-505700	-676287	347277	1023564	
"Эстония"	-355483	-357480	-585918	-748366	-346326	85815	-48300	-279514	-395167	-435987	-456170	-373860	-422275	-571926	-616531	-588212	-426389	-645204	-653478	-678324	971221	1649545	
"Бахрейн"	-359029	-503227	-454278	-576962	-952807	-575323	-752570	-601937	-1014556	-499508	-1014914	-1219780	-1171562	-574873	-723452	-550007	-429994	-444108	-609892	-688494	200499	888993	
"Сербия"			-504962	-740455	-917011	-436397	-262724	-562748	-106735	1401562	1313586	731617	688769	630059	353519	1183	-25070	-214704	-468318	-692850	151258	844108	
"Канада"	19004558	17231213	14833995	12249715	7190107	6279939	14539701	16210029	21005684	18856642	17869708	18588191	22436358	17803826	11057361	12225069	10048599	534806	-3136354	-727422	37875190	38602612	
"Исландия"	-235102	-422797	-375424	-443326	-218527	-32880	-53364	-107899	-164667	-150077	-213260	-289287	-406451	-623183	-518277	-319961	-337802	-545422	-736957	-759721	3045	762766	
"Тунис"	-376953	-389267	-440808	-539974	-635132	-631106	-741805	-612792	-794460	-808930	-783464	-765570	-738611	-713934	-638237	-589498	-529115	-744744	-732196	-798610	13609	812219	
"Кипр"	-492157	-410909	-489951	-853696	-914566	-406183	-466465	-410295	-258282	-141222	-224621	-252256	-356907	-504261	-570006	-550567	-507482	-428654	-479257	-826057	12541	838598	
"Пакистан"	-284702	-770094	-880455	-675398	-480761	-393912	-601084	-768279	-899001	-688116	-700895	-889900	-1007243	-1395143	-1319560	-788499	-861034	-2286608	-1747521	-827366	2162	829528	
"Ливия"				-736700	-840324	-1073985	-1341056					-246955	-183900	-228712	-536312	-963558	-415864	-585095	-605386	-888026	464	888490	
"Панама"	-248843	-292385	-350397	-509745	-564639	-468491	-556697	-637899	-761981	-793951	-846086	-935043	-927767	-844440	-780226	-763925	-361664	-587508	-751346	-914738	28508	943246	
"Гватемала"	-405064	-363955	-396682	-401397	-368672	-245112	-301276	-360519	-405407	-383518	-447389	-581126	-579925	-565335	-558636	-545538	-403616	-645083	-763979	-994404	21602	1016006	
"Коста-Рика"	-247647	-223600	-309765	-461857	-461773	-171341	-398062	-738890	-603685	-555077	-597081	-711048	-825370	-746700	-637295	-542176	-362443	-512468	-653382	-999660	1295	1000955	
"Литва"	-316493	-435261	-656332	-1050791	-919681	-38094	-96238	-120379	-287409	-288581	-415716	-512253	-622664	-719605	-873485	-893611	-612745	-835688	-770532	-999736	1274010	2273746	
"Азербайджан"	-97998	-149366	-222910	-278656	-381443	-254203	-274128	-379263	-546670	-555313	-472175	-253247	-114826	-212253	-406055	-543885	-541753	-777422	-806802	-1350626	164690	1515316	
"Малайзия"	-1057531	-1177583	-1214026	-1100386	-1362781	-1436210	-2275853	-2342686	-2581100	-2435596	-1823759	-1739322	-1629200	-1252735	-1490248	-1613510	-723246	-943003	-999575	-1374668	421179	1795847	
"Эквадор"	-335642	-455801	-508424	-457292	-578683	-509232	-888537	-723024	-576764	-721992	-716023	-490602	-480018	-929204	-1129827	-1011365	-546364	-881367	-1238686	-1377769	1049	1378818	
"Болгария"	-948985	-1176422	-1411590	-1309297	-1554199	-401406	-364757	-445963	-448549	-517905	-596042	-547669	-575911	-736028	-850791	-780371	-576701	-834540	-1067142	-1522142	219852	1741994	
"Алжир"	-870452	-909559	-935576	-1490030	-2028965	-1523789	-1455714	-2108502	-3908651	-3728686	-2965465	-2042499	-1351926	-1673670	-1427592	-741529	-453343	-805559	-864340	-1525047	329	1525376	
"Доминиканская Республика"	-299540	-695472	-504493	-728253	-603224	-259290	-564395	-371816	-476674	-515404	-664265	-818880	-963399	-871955	-907340	-1023566	-793654	-1189420	-1338616	-1526840	1805	1528645	
"Иордания"	-245351	-378894	-504621	-533037	-690318	-796314	-724265	-598094	-619499	-700522	-942066	-1013471	-1191669	-1415335	-1054671	-801245	-739453	-963330	-1057264	-1563758	66061	1629819	
"Бразилия"	2753787	3556590	2637775	1457656	-568842	-2386096	-4382240	-7906525	-6110238	-3848368	-4686602	-1653012	1822028	3713126	950690	461486	951938	323958	998749	-1622520	4167250	5789770	
"Люксембург"	-1019058	-1131676	-1201432	-1315212	-1569089	-1296630	-1373463	-1518596	-1446925	-1368586	-1555749	-1220765	-1386445	-1541208	-1770404	-1865602	-1604352	-1526634	-1515795	-1815588	812545	2628133	
"Хорватия"	-1049906	-1053513	-1250096	-1471485	-1615997	-705929	-602517	-703341	-490571	-552512	-607509	-573538	-729283	-852092	-1137616	-1073527	-685954	-1101989	-1329119	-1843994	234774	2078768	
"Перу"	-194840	-254580	-352311	-486180	-909626	-715772	-1089131	-1224146	-1760651	-1764604	-1762684	-1581155	-1637793	-1734918	-1508950	-1502225	-966013	-1445874	-1784097	-1873964	4212	1878176	
"Оман"	-1159199	-1363553	-1810761	-2574761	-3795847	-2426833	-3295376	-3126831	0	-3885044	0	0	-1195091	0	-771423	-1236395	-658880	-775170	-1541671	-1903989	11137	1915126	
"Китай, Специальный административный район Гонконг"	-633531	-536583	-769352	-1044584	-1221076	-774832	-1309439	-1732787	-1700890	-1550580	-1844544	-1886088	-1497637	-1673158	-1564006	-1418910	-1063971	-1207936	-1381511	-1981749	441583	2423332	
"Вьетнам"	-377878	-397637	-37843	-204073	-386371	-512269	-427960	-440194	-159568	-191412	-377520	-555668	-745655	-885395	-1114251	-1970432	-1327470	-1827241	-2563240	-1986870	238242	2225112	
"Ирак"											-1701780	-1344203	-720272	-1389913	-1682295	-2561544	-1854253	-2211575	-3315779	-2064638	135	2064773	
"Австрия"	1115395	1262995	1832484	581024	-1901549	-3863188	-3845605	-4373817	-3710382	-3028856	-3205509	-3067457	-4382167	-3837029	-1420148	-891796	-988746	-921290	-1074656	-2278517	8925625	11204142	
"Египет"	-66504	-301951	-328027	-397455	-909504	-825277	-1338735	-1175734	-1425106	-1216382	-2556407	-3285540	-2805563	-1684608	-2688967	-2536285	-2845755	-3788784	-2067720	-2316101	5995	2322096	
"Нигерия"			-839389	-911274	-1620831	-2707391	-4136746	-2990334	-3596495	-1055494	-1735903	-778108	-689949	-677556	-1031938	-2704555	-2920245	-1754013	-1379332	-2342478	56	2342534	
"Колумбия"	-441919	-430569	-674013	-970871	-1372014	-1242406	-2044135	-2690873	-2514702	-2167160	-2835658	-2223467	-1702928	-1610893	-1885051	-1883273	-1348027	-2200102	-2501333	-2480270	261342	2741612	
"Катар"	-155314	-778037	-47800	-1446497	-2080177	-1100012	-1268895	-1214467	-2548439	-2144720	-2110388	-2466111		-1232066	-1090181	-869823	-589906	-797780	-1049492	-2500964	11453	2512417	
"Узбекистан"														-25237	-289984	-318588	-304403	-306382	-771285	-2517894	9664	2527558	
"Кыргызстан"	-7117	-6850	-10327	-17938	-26966	-13870	-108981	-221659	-292992	-359508	-469939	-40550	-30454	-35434	-33448	-20981	-73476	-139539	-515299	-2697253	69628	2766881	
"Португалия"	-791810	-1303253	-1245617	-2488432	-2686891	-1577534	-2367323	-532576	543623	23321	-833867	-1491383	-2494422	-2596548	-1630517	-707579	-280130	17551	-697295	-2750837	4339788	7090625	
"Казахстан"	-523543	-738377	-1400883	-2388189	-1220793	-765820	-394965	-639258	-1376487	-2175462	-2309622	-841626	-304931	-523265	-585840	-701157	-641221	-1141735	-1491730	-2794770	263015	3057785	
"Чили"	-1086078	-1481802	-1723702	-2054112	-2596476	-1354725	-2714392	-3245580	-3223159	-3835630	-3166122	-2736302	-2790341	-3645746	-4381064	-4086521	-1762054	-3944145	-4990051	-2999749	123980	3123729	
"Греция"	-3534162	-3245968	-3398864	-4188644	-4486524	-3245534	-1556120	-1171299	-571570	-722728	-1060324	-962491	-1109828	-1278554	-1585874	-1689977	-1332018	-1835894	-2246254	-3155313	60358	3215671	
"Финляндия"	-1894202	-1777047	-1235528	-1839561	-2040548	-1033927	-1974327	-2525152	-1883199	-2001029	-1191553	-615181	-1439960	-274310	287114	159188	-334240	-412984	-1208572	-3199363	1290828	4490191	
"Украина"	-866187	-1188618	-1936437	-3042160	-5129583	-808265	-1526049	-2696188	-3033052	-2946570	-1190184	-807561	-1432266	-2072933	-2234099	-3602517	-3496739	-4396771	-2904073	-4034870	27854	4062724	
"Беларусь"	-37497	-40171	-286623	-459548	-827234	-577455	-138420	-481625	-385831	-469063	-340160	-160018	-101699	-618139	-969075	-1040259	-662215	-770684	-1839758	-4112976	5479	4118455	
"Кувейт"	-139		-1759873	-2243410	-2646715	-1713689	-2378762	-2568105	-3338355	-3581027	-3302089	-2914713	-2276772	-2056196	-2491143	-2589626	-1926294	-2197040	-3144827	-4235742	4764	4240506	
"Ирландия"	-2763172	-3270873	-3582354	-4290104	-2918843	-521697	-1431826	-1597783	-1258867	-1486305	-2183963	-2476135	-2747425	-2584848	-2729854	-2532384	-2196542	-2717114	-3078534	-4239327	36695	4276022	
"Новая Зеландия"	-2194969	-2372021	-1908517	-2328712	-1993213	-1194667	-2014767	-2704863	-2643265	-3020207	-3342729	-2977862	-3297529	-3856390	-3602193	-3235194	-2438672	-4251195	-4285517	-4240737	4868	4245605	
"Филиппины"	-82188	-155575	-340075	-637184	-887797	-861547	-1379719	-1173034	-1630487	-1671490	-1614647	-2284488	-3931554	-4511761	-3693875	-3105782	-1901519	-2270461	-3549724	-4861513	32957	4894470	
"Дания"	-2276280	-2888989	-3344221	-3600768	-3162259	-1373789	-2201772	-2737115	-2143684	-2521138	-2828963	-3025001	-3254377	-3202567	-3643550	-3745395	-3424475	-4089442	-3597183	-4898862	2185153	7084015	
"Норвегия"	-2839016	-3067020	-3562107	-4391886	-3830951	-3039908	-4273625	-5194505	-5233712	-5626006	-5443373	-4865134	-5079559	-6053546	-6180222	-5836245	-5625868	-8346861	-8649172	-5687368	499702	6187070	
"Израиль"	-1569268	-1624073	-1700331	-2294064	-2638655	-2434842	-3043192	-3357447	-2869968	-3213635	-4040933	-3105120	-4950079	-3679313	-4528726	-5065166	-4155305	-5091054	-6558869	-6062687	20810	6083497	
"Турция"	-280903	75506	1374214	2091028	2920056	1819815	-611665	-1991660	-1182289	-2705965	-801654	-2327707	-1485634	3208116	6536031	8559297	1708182	2844811	1370844	-6639668	11548450	18188118	
"Китайский Тайбэй"	-860522	-1073404	-850737	-1062599	-686374	-968847	-1350512	-1986220	-1563100	-2014043	-2377089	-2895300	-3550155	-4269567	-5014590	-4843488	-5440087	-5272196	-5546606	-7003764	917611	7921375	
"Польша"	735712	2334814	2986355	2021017	1877652	4509147	3368248	4284758	1880037	1692642	567749	1101650	366655	-1612098	-3695307	-3996437	-4081398	-6229502	-5735410	-7391351	7648280	15039631	
"Нидерланды"	-5230936	-5826759	-6509679	-8559999	-8873317	-5874639	-7406133	-9089858	-7364743	-7707243	-7053115	-6383316	-5116023	-3420077	-3101965	-5781121	-4734709	-6506281	-5820066	-8549964	6674769	15224733	
"Швейцария"	-6002519	-6016821	-6019839	-6948274	-7914276	-6852075	-8663059	-11251855	-10658656	-9829947	-10145996	-10057957	-9739509	-9952282	-9927231	-10379028	-9481328	-9595943	-10413250	-13238687	726684	13965371	
"Российская Федерация"	-4604540	-7123718	-12038308	-20525714	-29355831	-8277200	-11099208	-18107128	-19246312	-15499861	-11667256	-5262907	-4929852	-5377275	-5973247	-6302221	-4439558	-6602376	-5934188	-14809244	184124	14993368	
"Саудовская Аравия"	-4634223	-6305466	-6944096	-6990824	-8918488	-7422510	-9934326	-10722453	-15422559	-15308427	-15215000	-16951281	-12130437	-8297243	-8003440	-10188141	-10026409	-10775007	-13962527	-14937222	20922	14958144	
"Объединенные Арабские Эмираты"		-3093575		-3838192	-7150682				-6939672	-8003791	-7214330	-8215986	-6473191	-7388540	-6777704	-6168761	-4301931	-5904789	-8440228	-15810618	468375	16278993	
"Италия"	-21737991	-22733401	-22212363	-26412516	-23936610	-21742947	-19487402	-20437237	-11059892	-10185437	-11248975	-8601789	-12361513	-13149207	-15448996	-15657570	-8194359	-9482571	-9326773	-15903301	20505330	36408631	
"Соединенное Королевство Великобритании и Северной Ирландии"	-21185040	-15573344	-18461630	-20293108	-11072043	-9548044	-9202915	-8803877	-514479	-534465	-3965553	-9747611	-4799157	-2212811	-2204058	-5246182	-8075008	-5527330	-14901325	-19560804	36935455	56496259	
"Франция"	10017957	7308011	2425728	-3747600	-9056205	-10579426	-10077569	-12770618	-9613723	-11047921	-11861138	-11630115	-13513491	-12695154	-13089095	-14995595	-18178234	-19761149	-16690020	-21690575	24650394	46340969	
"Австралия"	-6505722	-7342741	-7770939	-9701484	-9965812	-8441873	-13617275	-13214273	-15821394	-15845464	-14340441	-13807756	-14591149	-16759261	-16534512	-14606784	-12655980	-17342478	-19021617	-24009831	204858	24214689	
"Соединенные Штаты Америки"	-98798655	-93988856	-102086175	-91508363	-77227896	-53873799	-77318158	-76339190	-94731047	-98198658	-94680066	-113830057	-119449401	-126011808	-127054102	-123037309	-99775766	-93099619	-110486518	-147253497	63034756	210288253	
"Сербия и Черногория"	-469929	-339245	-118643																				
"Судан (до 2012)"	-161655	-301356	-296821	-301494	-420945	-379171	-369371	-308257															
"Питкэрн"	-4	-96	-74	-28	-366	9	-19	-5	-281	-159	3	-18	-167	-500	-264	21			5198				
"Нейтральные Зоны"				44							4	3	1						11				
"Остров Буве"				-13	-67	12		-2			-2		2		-1								
"Остров Майотта"	-16561	-16360	-19825	-26943	-34176	-18799	-17609	-17865	-15223	-20174													
"Нидерландские Антильские Острова"		-49747	-60171	-60461	-72750	-69630	-76334																
